Model,MSE,abs_error,abs_target_sum,abs_target_mean,seasonal_error,MASE,MAPE,sMAPE,MSIS,num_masked_target_values,QuantileLoss[0.1],Coverage[0.1],QuantileLoss[0.5],Coverage[0.5],QuantileLoss[0.9],Coverage[0.9],RMSE,NRMSE,ND,wQuantileLoss[0.1],wQuantileLoss[0.5],wQuantileLoss[0.9],mean_absolute_QuantileLoss,mean_wQuantileLoss,MAE_Coverage,OWA
.,5116955.394800585,1792501.5311122788,809318.0,837.8033126293997,2175.7360113357317,3.047018493786795,15.11033066896417,1.3562546173794359,121.8807397514718,0.0,2763444.6444761306,0.9244306418219462,1792501.5311122788,0.9244306418219462,821558.4177484268,0.9244306418219462,2262.0688306947213,2.6999998646404757,2.2148296851327647,3.4145350090769395,2.2148296851327647,1.0151243611885894,1792501.5311122788,2.2148296851327642,0.4244306418219463,
